first_name;last_name;age;email;phone;birth
Leone;Petri;24;lpetri0@about.me;8471813783;6/25/2003
Mandy;Gorgler;25;mgorgler1@amazon.co.uk;9722513226;3/26/1997
Sena;Zamboniari;24;szamboniari2@surveymonkey.com;2372695453;2/22/1998
Aristotle;Ventam;19;aventam3@about.me;7921388596;11/20/1998
Sol;Twinn;25;stwinn4@usatoday.com;5309871058;12/25/2002
Branden;Duthie;19;bduthie5@msu.edu;6306872886;10/12/2002
Carmon;Rawll;25;crawll6@issuu.com;1976164418;8/9/2000
Hurleigh;Benezet;22;hbenezet7@theatlantic.com;7887436653;10/17/1999
Lyndel;Dabourne;18;ldabourne8@feedburner.com;9899525801;8/16/1999
Farand;Gatling;16;fgatling9@phoca.cz;1994353927;4/19/1996
Justus;Male;17;jmalea@yolasite.com;1652460863;1/22/1995
Leonardo;Mustard;23;lmustardb@e-recht24.de;8544109928;4/7/1997
Sarette;Beattie;25;sbeattiec@altervista.org;9216714030;9/18/1997
Rudd;Shatliffe;23;rshatliffed@unicef.org;1294276316;4/1/1997
Madelyn;MacCrosson;17;mmaccrossone@google.ru;7269135797;9/13/1996
Oralee;Filipson;18;ofilipsonf@reddit.com;5186574273;3/4/1998
Sioux;Atwill;23;satwillg@slate.com;3232555184;5/23/1996
Adelaide;Baldetti;20;abaldettih@instagram.com;8168116238;1/22/1996
Willey;Scandrite;22;wscandritei@loc.gov;1408089873;10/9/1997
Winthrop;Purrington;20;wpurringtonj@europa.eu;1729716824;8/18/1996
Tad;Tatnell;22;ttatnellk@addthis.com;1132333140;10/10/2002
Hurlee;Masarrat;18;hmasarratl@nhs.uk;9942782757;6/2/1996
Wilbur;Harsnep;24;wharsnepm@yahoo.co.jp;8569924328;1/22/2000
Kaylee;Purdey;17;kpurdeyn@businesswire.com;3521407444;7/4/2001
Wally;Meeson;23;wmeesono@opera.com;2632604435;5/31/1998
Magdalene;Linturn;21;mlinturnp@dyndns.org;9726969065;4/12/1996
Laetitia;Valentim;16;lvalentimq@unicef.org;7782979380;4/12/2001
Rabbi;Benza;19;rbenzar@engadget.com;9796197365;12/25/1997
Kati;Hollingsby;19;khollingsbys@shutterfly.com;9726101543;9/11/1996
Janina;Darey;17;jdareyt@google.nl;2503429884;8/6/1995
JuanD;Naranjo;19;juannaranjo1206@gmail.com;3145608074;12/06/2000;null
Yimar;Tamayo;19;yimar22@gmail.com;3214567654;22/04/2001;null
